Datetime,Water Level (m)
2025-02-25 06:00:00,-5.101
2025-02-25 07:00:00,-5.101
2025-02-25 08:00:00,-5.101
2025-02-25 09:00:00,-5.101
2025-02-25 10:00:00,-5.101
2025-02-25 11:00:00,-5.101
2025-02-25 12:00:00,-5.101
2025-02-25 13:00:00,-5.101
2025-02-25 14:00:00,-5.101
2025-02-25 15:00:00,-5.101
2025-02-25 16:00:00,-5.101
2025-02-25 17:00:00,-5.101
2025-02-25 18:00:00,-5.101
2025-02-25 19:00:00,-5.101
2025-02-25 20:00:00,-5.101
2025-02-25 21:00:00,-5.101
2025-02-25 22:00:00,-5.101
2025-02-25 23:00:00,-5.101
2025-02-26 00:00:00,-5.101
2025-02-26 01:00:00,-5.101
2025-02-26 02:00:00,-5.101
2025-02-26 03:00:00,-5.101
2025-02-26 04:00:00,-5.101
2025-02-26 05:00:00,-5.101
2025-02-26 06:00:00,-5.101
2025-02-26 07:00:00,-5.101
2025-02-26 08:00:00,-5.101
2025-02-26 09:00:00,-5.101
2025-02-26 10:00:00,-5.101
2025-02-26 11:00:00,-5.101
2025-02-26 12:00:00,-5.101
2025-02-26 13:00:00,-5.101
2025-02-26 14:00:00,-5.101
2025-02-26 15:00:00,-5.101
2025-02-26 16:00:00,-5.101
2025-02-26 17:00:00,-5.101
2025-02-26 18:00:00,-5.101
2025-02-26 19:00:00,-5.101
2025-02-26 20:00:00,-5.101
2025-02-26 21:00:00,-5.101
2025-02-26 22:00:00,-5.101
2025-02-26 23:00:00,-5.101
2025-02-27 00:00:00,-5.101
2025-02-27 01:00:00,-5.101
2025-02-27 02:00:00,-5.101
2025-02-27 03:00:00,-5.101
2025-02-27 04:00:00,-5.101
2025-02-27 05:00:00,-5.101
2025-02-27 06:00:00,-5.101
2025-02-27 07:00:00,-5.101
2025-02-27 08:00:00,-5.101
2025-02-27 09:00:00,-5.101
2025-02-27 10:00:00,-5.101
2025-02-27 11:00:00,-5.101
2025-02-27 12:00:00,-5.101
2025-02-27 13:00:00,-5.101
2025-02-27 14:00:00,-5.101
2025-02-27 15:00:00,-5.101
2025-02-27 16:00:00,-5.101
2025-02-27 17:00:00,-5.101
2025-02-27 18:00:00,-5.101
2025-02-27 19:00:00,-5.101
2025-02-27 20:00:00,-5.101
2025-02-27 21:00:00,-5.101
2025-02-27 22:00:00,-5.101
2025-02-27 23:00:00,-5.101
2025-02-28 00:00:00,-5.101
2025-02-28 01:00:00,-5.101
2025-02-28 02:00:00,-5.101
2025-02-28 03:00:00,-5.101
2025-02-28 04:00:00,-5.101
2025-02-28 05:00:00,-5.101
2025-02-28 06:00:00,-5.101
2025-02-28 07:00:00,-5.101
2025-02-28 08:00:00,-5.101
2025-02-28 09:00:00,-5.101
2025-02-28 10:00:00,-5.101
2025-02-28 11:00:00,-5.101
2025-02-28 12:00:00,-5.101
2025-02-28 13:00:00,-5.101
2025-02-28 14:00:00,-5.101
2025-02-28 15:00:00,-5.101
2025-02-28 16:00:00,-5.101
2025-02-28 17:00:00,-5.101
2025-02-28 18:00:00,0.11594594
2025-02-28 19:00:00,0.12280321
2025-02-28 20:00:00,0.11680534
2025-02-28 21:00:00,0.11394762
2025-02-28 22:00:00,0.11364366
2025-02-28 23:00:00,0.11392391
2025-03-01 00:00:00,0.11206874
2025-03-01 01:00:00,0.11496385
2025-03-01 02:00:00,0.11676732
2025-03-01 03:00:00,0.116788246
2025-03-01 04:00:00,0.11996967
2025-03-01 05:00:00,0.1238207
2025-03-01 06:00:00,0.12462551
2025-03-01 07:00:00,0.12682787
2025-03-01 08:00:00,0.12977792
2025-03-01 09:00:00,0.1334349
2025-03-01 10:00:00,0.13533501
2025-03-01 11:00:00,0.13590631
2025-03-01 12:00:00,0.13294463
2025-03-01 13:00:00,0.13516173
2025-03-01 14:00:00,0.14057772
2025-03-01 15:00:00,0.14364322
2025-03-01 16:00:00,0.14467412
2025-03-01 17:00:00,0.14340726
2025-03-01 18:00:00,0.14184028
2025-03-01 19:00:00,0.13960153
2025-03-01 20:00:00,0.13839091
2025-03-01 21:00:00,0.13867274
2025-03-01 22:00:00,0.13889454
2025-03-01 23:00:00,0.13928469
2025-03-02 00:00:00,0.1412296
2025-03-02 01:00:00,0.1418962
2025-03-02 02:00:00,0.14482278
2025-03-02 03:00:00,0.15042086
2025-03-02 04:00:00,0.15258248
2025-03-02 05:00:00,0.15299201
2025-03-02 06:00:00,0.15102144
2025-03-02 07:00:00,0.14934425
2025-03-02 08:00:00,0.14765194
2025-03-02 09:00:00,0.14743958
2025-03-02 10:00:00,0.14886682
2025-03-02 11:00:00,0.15025885
2025-03-02 12:00:00,0.14993964
2025-03-02 13:00:00,0.1499759
2025-03-02 14:00:00,0.15101054
2025-03-02 15:00:00,0.15426266
2025-03-02 16:00:00,0.15978566
2025-03-02 17:00:00,0.16384338
2025-03-02 18:00:00,0.16567908
2025-03-02 19:00:00,0.16644622
2025-03-02 20:00:00,0.16760784
2025-03-02 21:00:00,0.16833746
2025-03-02 22:00:00,0.16856334
2025-03-02 23:00:00,0.16841479
2025-03-03 00:00:00,0.16855013
2025-03-03 01:00:00,0.16958319
2025-03-03 02:00:00,0.17131701
2025-03-03 03:00:00,0.17304963
2025-03-03 04:00:00,0.17474
2025-03-03 05:00:00,0.17634827
2025-03-03 06:00:00,0.17803533
